dataset,method,instability,invalidity,dissimilarity,dissparsity,implausability,discriminative_power
adult,validity,26790647808.0,0.2222011238336563,14471772160.0,0.029126212000846863,20191315968.0,0.7895219326019287
adult,connected_ball,38193512448.0,0.27780431509017944,10848182272.0,0.02912621572613716,19791779840.0,0.8167572617530823
adult,robust,25160171520.0,0.2012556791305542,17390581760.0,0.03087378479540348,23535095808.0,0.7624813914299011
adult,feasability,37011644416.0,0.37036997079849243,11130271744.0,0.029126213863492012,18460495872.0,0.8152287006378174
adult,discriminative,27066380288.0,0.1927008330821991,17485602816.0,0.029126212000846863,22597091328.0,0.7892916202545166
adult,plausable,35447132160.0,0.4590110182762146,9701665792.0,0.030643204227089882,17316429824.0,0.8192321062088013
adult,similarity,27340664832.0,0.2219773679971695,14430478336.0,0.029126212000846863,20266153984.0,0.7894759178161621
adult,combined,36438429696.0,0.2879749834537506,11330151424.0,0.02912621572613716,20672493568.0,0.8164131045341492
adult,CLUE,,,,,,
adult,GS,,0.49119511246681213,29075511296.0,0.4850485622882843,18114844672.0,0.7688331007957458
bank,validity,3416937984.0,0.018100857734680176,798882688.0,0.9970000386238098,217195264.0,0.5627030730247498
bank,connected_ball,2627759616.0,0.171721950173378,2534560512.0,0.9970000386238098,225175376.0,0.5684360265731812
bank,robust,7780200448.0,0.01678670197725296,3737144832.0,0.9970000386238098,1006040064.0,0.5808469653129578
bank,feasability,3487357440.0,0.2385902851819992,2963716864.0,0.9970000386238098,823719616.0,0.5705500245094299
bank,discriminative,6631560192.0,0.005617145448923111,1708973696.0,0.9970000386238098,583119040.0,0.5637162923812866
bank,plausable,1932970880.0,0.05672457441687584,648653504.0,0.9970000386238098,368210464.0,0.5583510994911194
bank,similarity,4338655232.0,0.039194051176309586,3229760000.0,0.9970000386238098,507012672.0,0.5645815134048462
bank,combined,3691118848.0,0.1267929971218109,3937995008.0,0.9970000386238098,944351936.0,0.5844775438308716
bank,DICE,698616704.0,0.4130746126174927,426138656.0,0.7320000529289246,4849829.5,0.7979171276092529
bank,FACE,47975848.0,0.2837951183319092,2941975808.0,0.8939999341964722,2874321664.0,0.5210266709327698
bank,GS,71413760.0,0.4691508710384369,105087416.0,0.9990000128746033,57617616.0,0.5655935406684875
churn,validity,129611784.0,0.0002157121925847605,146848560.0,0.26267606019973755,3975928.75,0.6687600016593933
churn,connected_ball,152791792.0,0.00019644558778963983,145495360.0,0.26267606019973755,3482065.75,0.6531699895858765
churn,robust,165609728.0,2.0528435925371014e-05,377622976.0,0.2685915231704712,80249576.0,0.808940052986145
churn,feasability,197140688.0,1.8217564502265304e-05,247769232.0,0.26267606019973755,34140464.0,0.7355799674987793
churn,discriminative,166361920.0,9.977221452572849e-06,248216016.0,0.26239433884620667,7031960.5,0.7483000159263611
churn,plausable,140913488.0,0.10686758160591125,168397360.0,0.2623032331466675,3464142.25,0.7087764739990234
churn,similarity,1126759168.0,0.006874485872685909,2219441408.0,0.26267606019973755,38936300.0,0.8679800629615784
churn,combined,109391952.0,1.1030435416614637e-05,311372160.0,0.26267606019973755,56505588.0,0.7890099883079529
churn,CLUE,,,,,,
churn,GS,,0.47212183475494385,81163328.0,0.6139436960220337,823627.25,0.6051599979400635
compas,validity,734789056.0,0.06572967767715454,827951680.0,0.567058801651001,138303456.0,0.7688456773757935
compas,connected_ball,733440064.0,0.06614073365926743,771586560.0,0.5666266679763794,179312912.0,0.7738617658615112
compas,robust,1622569344.0,0.0791717991232872,1822571392.0,0.567058801651001,175894816.0,0.7187297344207764
compas,feasability,2062672896.0,0.09290146827697754,1090909312.0,0.567058801651001,147515808.0,0.7213191390037537
compas,discriminative,781505280.0,0.0635838434100151,870573504.0,0.567058801651001,154887824.0,0.763014554977417
compas,plausable,361254752.0,0.21428866684436798,481918880.0,0.567058801651001,75095456.0,0.7791120409965515
compas,similarity,3555934976.0,0.27214688062667847,3634041856.0,0.5668449997901917,175190032.0,0.7217676639556885
compas,combined,1280879744.0,0.10834237188100815,1214467456.0,0.5522209405899048,165069984.0,0.7854733467102051
compas,CLUE,,,,,,
compas,GS,,0.6334532499313354,1206580352.0,0.6334842443466187,91002480.0,0.6138075590133667
diabetes,validity,5.469972133636475,0.02214929834008217,4.9302144050598145,0.9886363744735718,1.4524272680282593,0.7522410154342651
diabetes,connected_ball,5.393735885620117,0.014460021629929543,4.941269397735596,0.9887499809265137,1.5854333639144897,0.7562770843505859
diabetes,robust,19.591047286987305,6.5227950472035445e-06,19.692527770996094,0.9886363744735718,4.659364223480225,0.7606366276741028
diabetes,feasability,10.880329132080078,1.2285709090065211e-05,11.473913192749023,0.9887499809265137,6.209104537963867,0.7658441066741943
diabetes,discriminative,12.787924766540527,0.019129693508148193,12.60599136352539,0.9886363744735718,1.5208501815795898,0.7568761110305786
diabetes,plausable,4.413930416107178,0.19073332846164703,4.613128662109375,0.9880319237709045,0.9605465531349182,0.7237266302108765
diabetes,similarity,22.755985260009766,0.0884237065911293,17.50324058532715,0.9886363744735718,1.4744027853012085,0.7559140920639038
diabetes,combined,9.2558012008667,1.2386441085254773e-05,9.54395866394043,0.9887499809265137,5.076504230499268,0.7647186517715454
diabetes,CLUE,,,,,,
diabetes,DICE,3.9059500694274902,0.32335522770881653,2.985020399093628,0.956250011920929,0.9956864714622498,0.7297402024269104
diabetes,GS,,0.493585467338562,5.017793655395508,1.0,1.2748796939849854,0.6509190797805786
fico,validity,189113424.0,0.01874680444598198,105824576.0,0.9982608556747437,19114434.0,0.7640121579170227
fico,connected_ball,186120080.0,0.010308240540325642,108724776.0,0.9982070326805115,17519646.0,0.7682021856307983
fico,robust,432913376.0,0.015778232365846634,876768000.0,0.9982608556747437,79799968.0,0.7562141418457031
fico,feasability,731824128.0,0.03133917227387428,773681472.0,0.9982608556747437,50081976.0,0.7562141418457031
fico,discriminative,491143744.0,0.016754865646362305,464596672.0,0.9982608556747437,47717344.0,0.7555831074714661
fico,plausable,33012448.0,0.3496331572532654,28238480.0,0.997879147529602,4029100.0,0.7449167966842651
fico,similarity,1375155584.0,0.48534953594207764,1644147584.0,0.9977116584777832,49591024.0,0.7121923565864563
fico,combined,984425920.0,0.041808582842350006,387870336.0,0.9982608556747437,49318448.0,0.756217360496521
fico,CLUE,,0.4514203369617462,10365139.0,1.0,6337108.0,0.7345626354217529
fico,DICE,24043484.0,0.416926771402359,20130438.0,0.8539130687713623,402400.71875,0.754334032535553
fico,GS,,0.49025440216064453,28886596.0,1.0,1782714.25,0.7435404658317566
german,validity,642127680.0,0.009170508943498135,686369856.0,0.3296721279621124,4382662.5,0.6410666704177856
german,connected_ball,1017436480.0,0.007520550396293402,748965824.0,0.3296721279621124,4560793.0,0.6424333453178406
german,robust,2047471104.0,0.0014344633091241121,1701794560.0,0.3296721279621124,639605568.0,0.6633000373840332
german,feasability,2430877696.0,0.00017303825006820261,5176485888.0,0.3296721279621124,2969257728.0,0.6667666435241699
german,discriminative,3537557248.0,0.00017809034034144133,2338121728.0,0.3296721279621124,215551584.0,0.6553666591644287
german,plausable,2729360128.0,0.3042563498020172,749802496.0,0.3310564458370209,15427957.0,0.6106481552124023
german,similarity,4897231872.0,0.21668250858783722,5232406528.0,0.32887253165245056,100646040.0,0.662891149520874
german,combined,1742823296.0,0.0015663468511775136,570878656.0,0.3296721279621124,17419576.0,0.6602333188056946
german,CLUE,,,,,,
german,GS,,0.45334064960479736,14041308.0,0.5080104470252991,174800.78125,0.6327272653579712
home,validity,6.384978771209717,0.36803025007247925,138.79173278808594,1.0,132.48919677734375,0.839044451713562
home,connected_ball,8.46662425994873,0.36840710043907166,136.83558654785156,1.0,87.27629089355469,0.839044451713562
home,robust,6.044983863830566,0.3668927848339081,142.76913452148438,1.0,137.83572387695312,0.839044451713562
home,feasability,64.46771240234375,0.37557917833328247,121.46744537353516,1.0,69.25926971435547,0.839044451713562
home,discriminative,6.297152042388916,0.36685165762901306,142.0685272216797,1.0,135.67723083496094,0.839044451713562
home,plausable,74.37162017822266,0.39648500084877014,100.03032684326172,1.0,11.455307006835938,0.839044451713562
home,similarity,31.17793083190918,0.37068307399749756,128.9896697998047,1.0,87.78964233398438,0.839044451713562
home,combined,74.03572845458984,0.37200847268104553,126.5757827758789,1.0,84.69441223144531,0.839044451713562
home,DICE,3.20361065864563,0.3879493474960327,2.659421920776367,0.9061833620071411,0.8229017853736877,0.8021379113197327
home,FACE,2.3211162090301514,0.43113264441490173,1.8761978149414062,0.9317697286605835,0.6305705904960632,0.8087939023971558
home,GS,,,,,,
titanic,validity,378434528.0,0.1235070526599884,277837696.0,0.652222216129303,42880724.0,0.7329104542732239
titanic,connected_ball,587848448.0,0.10789057612419128,417051840.0,0.652222216129303,42893248.0,0.7347761392593384
titanic,robust,479622304.0,0.12060621380805969,464304576.0,0.652222216129303,40132460.0,0.7350000143051147
titanic,feasability,4577181696.0,0.17199616134166718,4539024896.0,0.652222216129303,36064212.0,0.7237313985824585
titanic,discriminative,402441312.0,0.12316003441810608,305052928.0,0.652222216129303,42456248.0,0.7326866388320923
titanic,plausable,169792272.0,0.28229138255119324,94595208.0,0.6602809429168701,12165196.0,0.7108423709869385
titanic,similarity,4617730048.0,0.20486094057559967,4555254784.0,0.652222216129303,42823184.0,0.7208208441734314
titanic,combined,1805873792.0,0.14244501292705536,1689129984.0,0.652222216129303,52130740.0,0.7410820722579956
titanic,CLUE,,,,,,
titanic,GS,,0.4353753626346588,56652596.0,0.6876543164253235,3060289.0,0.7106550931930542
breast_cancer,validity,1646.97119140625,0.000312569725792855,1744.7589111328125,1.0,570.2199096679688,0.8125730752944946
breast_cancer,connected_ball,1624.3614501953125,0.0003409564378671348,1720.125,1.0,570.2199096679688,0.8131579756736755
breast_cancer,robust,3558.891357421875,8.881568646756932e-05,3594.6103515625,1.0,2010.7052001953125,0.837543785572052
breast_cancer,feasability,3432.652587890625,6.419718556571752e-05,3857.224365234375,1.0,1933.1650390625,0.8516374230384827
breast_cancer,discriminative,1674.2215576171875,0.00026599050033837557,1821.05908203125,1.0,704.1705322265625,0.807894766330719
breast_cancer,plausable,1401.1339111328125,0.06817854195833206,1240.2462158203125,1.0,182.936767578125,0.8005264401435852
breast_cancer,similarity,7264.51513671875,0.4844167232513428,6849.10009765625,1.0,542.2864379882812,0.8645538091659546
breast_cancer,combined,7706.06201171875,7.10850945324637e-05,7566.193359375,1.0,5472.1611328125,0.8589473962783813
breast_cancer,CLUE,,,,,,
breast_cancer,DICE,2.3434605598449707,0.19947433471679688,2.1193466186523438,0.9419999718666077,1.050757646560669,0.7248538136482239
breast_cancer,GS,,0.48500776290893555,61.54196548461914,1.0,4.362194538116455,0.6055880784988403
boston_housing,validity,272236960.0,0.00024462598958052695,355397280.0,1.0,99690136.0,0.804254949092865
boston_housing,connected_ball,306612960.0,0.00021980101882945746,363258016.0,1.0,101781224.0,0.8049384951591492
boston_housing,robust,1198760448.0,1.7673937691142783e-05,1227269376.0,1.0,587769152.0,0.801520824432373
boston_housing,feasability,1638645888.0,1.302787222812185e-05,1670155520.0,1.0,709842816.0,0.7986158728599548
boston_housing,discriminative,796040384.0,1.2914081708004232e-05,850353216.0,1.0,475350016.0,0.7990430593490601
boston_housing,plausable,557000960.0,0.047249168157577515,617640640.0,1.0,34333988.0,0.799342155456543
boston_housing,similarity,2259902976.0,0.47105345129966736,1974472064.0,1.0,104322264.0,0.844298243522644
boston_housing,combined,1101667712.0,2.7987089197267778e-05,1222727552.0,1.0,551492736.0,0.796821653842926
boston_housing,CLUE,,,,,,
boston_housing,DICE,167535024.0,0.3360511362552643,131680272.0,0.8621378540992737,5103371.0,0.7785372138023376
boston_housing,GS,,0.48121002316474915,136649152.0,1.0,45043600.0,0.7784090638160706
