in_sf,beds,bath,price,year_built,sqft,price_per_sqft,elevation
0,3.523585398772157,-0.43124366777845924,999001.8719322585,1970.4799937511273,997.8477083326902,992.7029346664693,8.527156226691943
0,-3.199920531202478,4.269827896543481,2750003.159907419,1998.7143104354022,1421.9827201526,1932.4341614090004,-12.58047597886383
0,5.752255979032286,0.456634722267937,1349992.9786545096,1898.046611987004,2148.820828780929,627.2269462069005,-1.6408477099290604
0,5.7028235819560695,5.677735627325746,629001.655200775,1911.5292634027228,498.46651356087034,1252.055599232012,3.909411942406572
0,-9.755175943269181,-8.157030421075618,438998.48690120265,1932.2498917067328,500.52345014944063,874.486225200894,12.656116142962908
0,-6.5108975343115905,-0.6780368405932311,438997.5860492064,1932.8165653675821,508.48293341485424,874.1295705750897,10.568997826701482
0,1.6392020158364269,-8.95405997561999,475004.3527780471,1920.5729221851193,493.298218959894,947.79746069576,10.92183353587832
0,-0.5812129617179109,-6.475304151136025,975007.3963725534,1931.6497176932862,903.8492844652768,1089.6125216576156,19.75471741343346
0,0.9159942124785561,7.819311149069547,975008.971850273,1933.8880476513928,890.5341441938094,1086.3097379471526,5.654551925700939
0,-2.2652196378679,5.4759249098584295,1895006.5740393575,1916.952568405536,1001.0863657911431,1895.08064707638,11.862833229081382
0,7.3969898743141425,-0.597401166423952,2094999.4513290918,1930.390292894541,2207.8754141380437,949.6948685970958,5.5221776140690775
0,4.888959677144742,-6.512517280204484,999001.7636008151,1975.1349849155722,786.4433426223366,1271.833836716885,1.3186344173083224
0,1.3301534878060801,-13.822644189208257,999003.8341143589,1983.6418398641576,784.853125392699,1275.6387323497597,5.141633725414705
0,6.636206034840164,-1.717477539663173,1249000.6058897465,1987.8937048164316,823.1977526559846,1514.9208453667613,-4.999746670421724
0,2.337546711260228,13.102075061237013,1110000.6538209396,2004.9185345590395,698.1552360024427,1585.461912469497,12.04953108637514
0,-2.296462314416191,4.174421357318237,2059504.1187656594,2007.8865736233718,1371.7396859229832,1500.1824037780711,1.5919272373478313
0,3.843753920412494,-0.7978614302474476,1999999.7035867698,1924.8872992366723,1196.0701169603433,1656.841902156685,20.157000823892517
0,-3.794413004144994,3.3254010475015314,714996.3535653182,1897.6414933656913,555.5506219226256,1285.058568920853,2.837628380412725
0,6.392251506536363,-5.804791764972214,2497997.927634671,2003.2319262919318,1260.991905803132,1986.8107462097935,7.140267826995916
0,1.7503704450687354,0.013383186511822798,2650003.1695518885,1909.4800568231417,2496.1639146573466,1058.5996568655955,4.733485655044229
0,1.0756881822736972,2.4973873650786924,3450000.014966456,1901.6139873204663,1845.9685908965766,1874.0826349807005,8.846280838697352
0,-2.404647722019707,0.5694967408947574,3105001.7010498843,2010.249572529238,1101.198782812039,2797.59380776282,7.079853333889961
0,10.112706693370152,8.954030608450402,13750003.35039621,2019.5598851149553,3700.9536251304444,3718.0872020765164,10.595619646831388
0,1.2273525896559891,3.7232261311802617,1184998.1257926854,1894.0926046603558,1002.7266163098353,1184.8208762666702,5.589993472070237
0,-1.141639110815536,5.341630090539985,1699003.781240818,1897.168525422095,1501.1583022211826,1132.498511662783,1.0787074554241007
0,-0.7606677524411478,-2.441861411153797,1195001.8942130173,1896.8769829589241,1097.8258524636433,1092.4283891599762,5.374777920700579
0,3.6615459277667437,5.48907704205274,449993.82593456545,1926.6257336443741,500.43933818540364,900.5355251500473,6.949505669714432
0,2.8272203218203917,9.144684738119958,1195007.211523956,1901.651449728083,1094.9600546868287,1097.2397937173184,21.498320348074195
0,4.063663057979942,-2.8507475982570627,1184997.4962762813,1898.941330987278,1001.5191871281878,1191.8886811813736,9.551346150441907
0,2.1541050150394137,-3.4384782785727985,624991.7245232841,1966.4935972053486,799.542299902909,780.9887487774793,15.726160758482797
0,12.708238004352307,8.678921681601164,3159984.774781452,2001.4640382633515,1417.3458908593518,2229.0765803608583,7.021888345961559
0,-0.03207508192307795,1.0432800665246986,2199994.8947741967,1919.7843320517954,2061.0707630789598,1069.491165268666,11.296438207674539
0,-0.5612136453576868,9.019106960332785,4895000.260866594,2025.9875708890238,1517.7402451007324,3223.829777263631,3.3931796417736537
0,-2.068863641239389,-0.2126785594609193,6524998.630747472,2016.6617325320133,2014.6706114443978,3229.190042380865,7.764637040660677
0,5.079897112877479,9.275227881353556,4894998.315840161,2016.3395658458467,1522.1700491172505,3225.4532996804405,12.052673353946235
0,7.6448614636044585,2.657429084027261,6525003.098509828,2018.740641898211,2019.259272076475,3244.053204386966,18.930019154799332
0,1.4302627117256246,3.2911441166134763,1675001.699376806,2010.4780262165718,1217.9760422619484,1366.389580560143,13.109913888381357
0,-2.2007823848126407,9.82359010834952,1675001.5802393532,1996.0126665355508,1230.6133912728187,1356.0372825459629,18.918601805964997
0,-2.1224060784561978,-0.8088523872208562,999002.0491422866,1976.588367591045,798.5290271232458,1247.2596353337758,8.203645551014601
0,4.2529639391235055,-3.7056104796247915,1550003.08067334,1927.0514564554308,994.4453445239214,1556.1593756714465,14.137006697323429
0,4.7162708560172115,-1.2428210401417719,1594989.4602332911,2011.4256171905124,719.9439205717694,2236.765383935126,6.704788913474723
0,4.715771341525975,4.261669753215694,3994998.177808739,1912.5601263110996,2403.128377857981,1666.244567993375,20.95111355325902
0,-2.3275485364434716,-6.828795360902571,1284989.0989496775,2010.424128050574,742.6772900402605,1721.0433417797742,7.5730189854293855
0,2.1608066153335987,4.187354513255608,1595000.1802996339,2005.3273463214343,722.8859142012886,2236.422267196242,6.167690829011655
0,2.583429045703641,-0.6938565880887162,3994999.976835139,1899.65993041578,2403.293986841831,1671.0886259372558,3.9497357515548295
0,3.0934429836450645,7.739063303667818,4995005.227661374,1886.251619901847,2023.9490194218747,2472.597118383235,19.65512335779035
0,7.357143889740949,-9.971301524502358,3580005.9381719637,1878.8293723135855,3007.951094028109,1200.6085022636848,14.097237863089488
0,4.1179777438734115,-0.9328288755208436,6350001.013875241,2014.0580793636782,2500.796488919148,2541.793980419531,1.3293963330984577
0,6.3945678153594745,-5.432340756170509,6549997.498194613,2012.8776864510905,2499.85958462448,2624.5262970074696,9.245113484367476
0,3.3378953474444573,-1.1311473318197631,5985002.425805563,1914.3943951951487,3296.69849941989,1812.464364634571,6.43846092558891
0,4.445596993449921,4.238329505544716,9899997.360411813,2020.9925991825835,2952.9092521965354,3352.992695942205,13.83063735687795
0,4.156441129192702,0.10386687275122553,1848999.9930367428,1919.1480578832195,1402.3830148366199,1329.5338382020948,-2.7391641636995567
0,-5.285779099278332,0.7331121552599253,3500004.930681585,1904.3265316626157,2000.0734006994485,1751.0810233816135,3.6731994584287273
0,0.4016439182134932,1.2040756430996962,3499997.21114327,1913.0864079024614,1883.050068230662,1859.0244028293118,2.6873930802858728
0,-1.3518632714639773,2.016941203099717,1250004.0283931962,2009.7768011425428,720.6496492708304,1736.618700072057,-3.8684133820430073
0,-1.1943892412167099,-4.042680209715539,899003.3870068435,1991.5469578507848,819.6510060711893,1093.0674217454002,12.301636023898471
0,-0.3757112561334186,5.534248204495254,1949995.2260409144,1904.9073987465406,1293.332628406329,1500.054914462912,5.648017220983208
0,8.474706556171979,4.31332985192742,1750004.869470641,1957.1758595176948,992.6409382433791,1757.1799700888387,8.69815602493281
0,-4.329155578466216,2.925189688280505,775003.4928317269,2019.0437769309258,548.8257668940488,1421.7762003713972,17.79885967164806
0,4.8413917729574045,3.7826672137563158,390000.5096294369,1950.2028612342906,536.9905584247416,700.4426342013477,4.233781540861958
0,-8.414348858079023,2.4820900040432976,699995.1883827099,1991.7461146360042,501.0270526348063,1398.9237777171193,6.894235086714224
0,-0.6744251499288743,11.175366513655337,648995.7039699071,1956.5632615279333,747.6095847112309,873.9114689635236,10.59332084861998
0,2.813765325525028,1.5645291447374505,1199997.3116871156,1959.3486765636496,1206.5412330343995,998.9310156907502,14.936236764917048
0,2.9311116567963906,-0.5354160916728836,319002.7129723165,1948.5818432336266,497.5326589542306,628.9976065413291,7.1664348734492505
0,3.556132898964275,-2.7676379017868893,699994.221874163,1986.6955008849957,503.29742107125946,1409.4652444271128,6.8451920143393465
0,3.966736175999626,-4.161313352889184,775002.1875612431,2013.199613025664,544.015430793811,1422.411962549064,15.28594635120683
0,-0.7436253612421879,-5.222358938005376,648993.7912223556,1966.1847769435963,750.5687407674308,864.649935705936,11.893196619190178
0,-0.3117589633228359,-2.4439865661545923,1848998.9796570777,2008.4752092199992,1138.6841826546004,1627.1429113195898,-0.22364131502410345
0,5.2898794062857695,0.6465980917396434,615000.5482387729,1966.8192516246634,747.6872214183771,825.4117596489587,4.8730410026544595
0,0.04347837559192558,2.6714756424885726,1590012.2256507252,2006.8167058767406,789.9827744224921,2022.2900829988691,19.506179319136052
0,-5.37843161668961,1.255710292760809,1149993.1134217223,2005.0963094621827,640.0315106144676,1788.7412821225798,20.009641415394064
0,-3.6664360700174035,-1.8276763871485646,2650007.3600728326,2009.9837995402415,1241.4729642127918,2139.7109764286215,14.189020344813756
0,-4.597261430008056,5.500922820099817,469000.74921206996,1934.7559586435084,504.6131986139393,939.2234096274367,17.14795171382509
0,2.4858037202688203,4.697063361504737,569002.0558595901,1963.9775455318124,546.3001874589517,1048.727574026678,8.066183364008351
0,1.7121286803528262,0.20175846288991506,549000.591739567,1916.1647087488227,759.582224383677,731.1251598164291,13.67866680140082
0,5.452426770338841,-1.2645807233235602,799002.223634091,1924.378287402959,846.1828034134467,945.2282006010463,12.208683025706053
0,-0.1362632316826713,4.742139604148997,878999.2315744782,1925.0913932539888,793.104253743257,1094.6732858394907,17.79525430664771
0,2.7926984553835714,3.939867937430522,2999007.270250907,1923.172652029429,3195.0283244575244,928.890374365849,11.364778774316944
0,5.127951969836683,-4.240636297075238,2998997.717644279,1918.1204320569923,3203.302212832742,940.0722006144624,9.500827097522748
0,0.453267301398808,2.6600987200779755,2999005.661172861,1921.8581444594026,3202.4896146713468,940.1561916403357,14.85929591318355
0,4.283876187787057,4.3101790603719055,2998996.778164399,1921.3569475737024,3200.5112832982372,939.4012057625588,5.852463013202011
0,-2.3096297053332564,-3.4984739324387686,398999.698740768,1913.8576662988096,469.38521475446436,842.0386418480902,11.785643381356605
0,-0.8152692328253588,1.949216964187215,1134994.6401872386,2009.0456065549513,718.8343364666453,1585.3972981083123,15.457918096887362
0,-0.9086894699916455,-6.274112426288946,1145002.2751186017,2004.270947709556,693.8764761117473,1639.9374135219277,12.434092735746418
0,-4.979198227945198,7.680930500060854,1760007.2256297846,1967.0398010206463,955.7947479118845,1852.7722093662273,10.69555869880796
0,4.434862403927909,8.239749925297158,1724999.613219101,2005.6996215601955,990.2871921156993,1764.5644321959242,9.520581987170146
0,-0.34701170101361933,0.7374133284851763,2749999.0155715067,2002.917124462722,1385.8322557328577,1985.440543438723,5.825744236142491
0,2.0624705936384373,3.8172716891953655,2749994.4269151846,2001.2658395891629,1386.9155406782886,1997.103198493879,12.640007037801057
0,3.4037332945295447,-11.049609828999374,398998.85353673226,1905.2988939553713,472.5357011555222,831.3251195897728,20.298529264402028
0,4.2326558801497205,-3.781738301326664,1724992.0360287013,2001.8259341801427,1134.948933394566,1510.498940521479,15.404857466999374
0,4.326925544863931,-0.4688946007606489,868995.4356100664,1982.1826310010385,666.9864031848489,1288.6044478618815,11.550980053257948
0,0.5075725774528819,-4.360665107134296,1760001.1339302305,1969.8102977953145,944.5355237945063,1852.4588333083852,14.538764556173069
0,0.8835084397792312,6.571982413153294,1249006.5950659886,1965.6485783689186,1492.764977117925,830.831862574229,19.00425148637965
0,2.6014089454680045,12.98648265373997,1500014.0460543062,1954.0645084960088,1608.6117997099782,927.5748585166006,16.132430014095764
0,-7.43667216979015,-4.88307359714651,1134997.0670745745,2005.1256435560801,716.3643125901289,1588.945187952169,21.426516415315703
0,-6.235562362115436,-3.1873170204259633,1145007.1765007833,2003.9003210236683,701.8984379030699,1634.099809689039,21.614218803745153
0,-4.613498061772011,3.1772418415496517,1725001.218762402,2006.707543427684,974.4548881740187,1756.5039682871939,23.44491590202324
0,-2.9862341380074087,10.055580742498105,3499999.2437617662,1924.935306159482,1549.1356445877827,2262.1978404538713,27.117797361325167
0,1.998871133617183,-5.111871562699516,525002.1629722586,1932.7320036003418,529.8227534111967,1007.1750308899447,25.979293621861803
0,-2.527395276800304,3.24518061153471,2025000.3095824183,1933.6880535057142,1432.838314406524,1420.4506217114829,16.3288046792602
0,0.10918722980305162,11.106494254065543,3500000.551978628,1986.1471178779248,1465.6534696901238,2393.7947822032575,18.48232776711864
0,6.496141488930327,-7.2587957408963355,924997.9583341859,1983.1439045987277,584.0199785107749,1581.2302906928855,23.62114261770088
0,0.21868014469287034,-4.40534603422916,1699993.009451701,1970.929063144785,1005.2892355463398,1694.640783104479,22.74412321380293
0,5.687577842335433,-0.11803303230419138,1699992.2818739873,1983.7286328990078,999.9654291719906,1696.4119179267004,19.308366365195287
0,-4.668088400049385,-1.6029420642770553,449003.2662244164,1967.9481100264381,540.1112546881643,821.6678435143781,7.791541029135029
0,-1.02718778933815,5.063006438768223,298998.6164995496,1929.234870618969,398.692190494668,743.292311988851,9.627435331904806
0,-3.750110274552906,2.2082985991041904,694997.0195555018,1963.7510124801322,720.2824834599662,966.0067242660746,12.64076130119397
0,-0.6951653795028123,-7.874810298210642,695000.0425281336,1957.484654595511,713.569349816456,967.1975807214571,14.421052569224972
0,8.201540687286977,7.577052014504054,17750003.974661265,2011.4031690036156,4475.827625674827,3956.9519151554136,25.892254251591655
0,-3.636602115961743,2.1123055632217476,27500000.901819713,1921.8954324084593,7500.268762814952,3669.346803298104,21.996190206246197
0,2.172118217729287,7.372236084706195,538996.7197253167,1945.2782834579057,474.2199599697031,1122.364959129897,22.359045380277347
0,1.1886780116613895,-2.1379376821845986,779006.1314647782,1979.7138290061264,507.4243767026025,1524.199680829004,10.852540930098247
0,-1.970749778483972,-2.1830764155111786,925007.8959275149,1980.0750253613778,747.0363194686773,1249.3670654072089,8.54967113031374
0,-6.230289271942273,3.705658054022657,1319002.4727832766,1955.722360774983,1001.9352936469787,1319.9145736506434,10.02066441327433
0,2.3606475385693475,5.814632411684683,4240004.868317557,2009.067788733649,1735.2316254180012,2434.633908380081,11.2824598922177
0,-0.6474635453190123,4.240496819681018,4285006.2097999845,2008.9501514845806,1747.7922402524987,2454.906356950405,12.176269785855318
0,4.16338105677352,-5.427986586924041,4875005.650496582,2015.130811499527,2022.1120361268024,2412.920866760078,20.383556629295118
0,3.1092607276172144,5.690172199641255,14950003.070495885,1927.3521140293217,4438.8853647949545,3366.181124063828,5.7733976751121565
0,11.008894456604578,-2.171540258371995,10225002.991735235,2017.8898549899734,3006.5235710649304,3406.331522785847,14.295230290888679
0,2.803221862634879,5.176380557941318,13400002.598302867,2018.262692094898,3328.6601184333786,4029.8617117143326,11.03875298807062
0,-0.11748746310932479,-2.118672176995301,18999994.51331163,2017.604248231623,4968.853277578328,3816.0444684220633,2.144511287146912
0,0.8963781747815808,3.231610737715318,539003.5036157843,1958.193003954642,487.3390989145483,1115.8399940227694,14.853493910473816
0,2.099983419858826,-3.032994521536863,834993.2209301444,1970.8888410246595,700.9755198657144,1192.5652001219698,18.338117804019525
0,16.79593787620218,3.5868267486973915,7994996.027002725,1904.6620311547756,6403.147020030511,1250.699042872452,7.714117981112851
0,4.1755562295728925,4.569100682411998,349006.51782533905,1959.7253256689853,400.65936906560574,875.3010931971753,12.955330660540147
0,2.7843552957475466,2.2082226083837564,588004.2011008135,1975.663449102598,604.0938197517372,984.9717523406216,5.373228689961483
0,9.31651445609781,-1.0698840069644855,8690007.436991448,2008.32269904669,2178.4729626647886,3990.413591009316,8.705967701578317
0,-3.9438152716142545,9.25589424510532,4194998.641628082,2008.8911817532771,1753.9234435806584,2404.0508099765098,20.240147888086263
0,-1.1987576637487387,-0.20326210784871224,4194994.238755793,2014.4382227917206,1746.3541138518333,2409.5470641987995,12.667917469962827
0,-2.632879707027625,2.1605383698546734,4239998.797814014,2022.7906054793364,1736.977366848876,2438.120921362348,9.455985125309804
0,0.05095098422116018,3.3445672383930045,4285000.510156486,2018.5403955259953,1737.9592797656462,2448.8336870423136,16.14730182229215
0,-3.883430737781544,-0.09832967064306786,4875000.394943582,2016.9763151573989,2024.7174642800728,2427.793295053524,12.387937842844885
0,6.175754734072021,5.355681466999647,5750005.668402393,2014.9115765328268,2197.2832936535615,2620.3491246160247,12.645891711122319
0,1.888886514506133,0.33273826417637764,9349998.193647875,2014.0809953714613,3045.4275705225195,3065.5649871267256,18.696630128374515
0,-4.35403147251329,0.9418083889189539,10225001.76017236,2017.4410953154515,3003.4309025139064,3391.959070943942,9.191333205328267
0,-1.0778954060377082,10.813213199016705,13149995.056864252,2014.7381293750775,3341.859371461849,3934.8864898846045,10.47317393659084
0,5.567569237250977,-1.2029302625621652,13400002.25158639,2015.7871068947777,3329.6016158443354,4029.1894184395937,15.770399960744344
0,9.190632839471906,-7.0639016546474505,19000000.01554275,2016.3929935305753,4969.439692903405,3822.434455591463,19.847048953741027
0,9.983654458458933,9.054684975059471,849996.2509333086,1920.6096423575325,553.0044093015648,1547.4311013258555,16.190801507449248
0,21.56931233003665,19.746639763035013,19499998.82085319,1996.6606468694072,4232.763564268081,4606.191449644919,6.674691398191885
0,3.0720471663799818,-1.0263463272466593,999999.0791212674,1926.5712232420772,608.0092332112258,1631.2810859782364,22.68688483459824
0,-4.947690600159321,-8.684190203100925,484998.6492243533,1893.1150668033697,311.05693237524133,1572.0565849293835,19.079288532647954
0,-7.660231403656546,0.4475801190202813,7350008.856706211,2000.62006262095,2076.9522746602693,3541.5608216069813,32.131046734533996
0,2.338557311719179,-0.431114749203346,1199999.5077699884,1965.1990495569055,602.4817151717036,2001.0235334301026,17.33114487290136
0,-2.06470547655163,1.050380794888715,4249998.780519449,2013.8870128875963,1508.5561902228446,2831.8947728929584,29.642394053958654
0,-0.07678630089842642,-3.566940209609241,3599989.512745212,1960.2327873666393,1340.9928931034076,2682.512535145727,20.71756946590638
0,-1.0604839952990401,4.897805712382387,3599995.5289632403,1963.8092738702123,1342.446919694692,2682.0357659608303,34.066232273973
0,0.2960455679180737,3.6225368764304307,524998.6846328777,1929.8775328825438,698.7039537034245,749.0175078980095,26.956603644262422
0,5.329901153938218,-6.472028099096533,544996.5707366191,1900.9621055888408,387.31349151618355,1412.135863998106,4.91991735295889
0,1.785242837226723,4.495983658474439,535006.9085379669,1905.6602614420708,450.53767090026815,1182.3456137369326,7.388807602287466
0,3.2068258148065585,14.263424909729455,5499999.175311123,1911.2785105310566,3201.0754906790953,1710.6598270005545,24.905906026118707
0,-1.178268764129058,5.8598016621852995,12000006.442221247,1946.9522614895802,3703.862699037914,3247.118604635219,27.263222088077807
0,-7.373414723521785,0.31337418965746977,1850000.3085231702,2008.8753107594616,841.7757284097241,2201.985108437165,22.646422041377686
0,-1.4315395453666544,0.2899839279623935,535000.1861391821,1905.389216778726,450.22108501450094,1187.0388699353987,27.22329140481733
0,1.7310872459083975,5.0762838348428065,1349999.5560177614,1924.9006212757924,1295.9543700752947,1028.7159479902991,39.791765163220326
0,9.839649567899414,-7.6533580275360915,779000.0189812582,1897.8461505919734,700.3383562903135,1109.60510342824,10.658992135054099
0,2.6513726073644293,1.8219535148865111,1475008.5939750152,1973.7296914707238,970.8599110755213,1518.9621635168442,3.532475703308121
0,6.913697555115288,0.04768025268594944,1384988.4019463663,1970.9148105533127,962.965907899066,1444.6518892881145,5.935129876799097
0,-1.4964779926957603,10.239125064780227,778989.9922712778,1903.4153429400499,711.032626535702,1109.1438491688268,14.175599715758326
0,-4.924718832085123,0.1291363309752106,648997.2841458448,1934.4225758046498,797.3811361072939,819.2868806011625,31.07741208248847
0,-4.825583811161859,9.339438055597599,725000.0726394097,1951.1738984234858,602.1114450956268,1204.577219879101,34.079912120810235
0,-1.6261303226787662,-4.518703488910036,925003.4505221238,1945.8690953585865,795.3423103362215,1167.5845409920742,30.897647103857253
0,11.642348662175822,3.9362958340139613,965002.3654359902,1961.0414095497897,787.4900095704969,1233.686787759489,28.43645380518182
0,-2.1069333961219305,2.597001318956144,1249998.0787704356,1920.9810906943774,1156.6892255958608,1093.0573007618195,33.744069429912386
0,5.192446018681725,-3.3452362393239117,650005.0952184662,1899.6444238280756,718.1098035413427,900.2398763549421,28.66624574896572
0,-2.514635890435132,1.8869805731847022,385005.1509770158,2001.5152433418843,821.6204461116002,469.22433434409703,7.233845198708929
0,6.6578650643712205,8.062594184158002,1695000.9202891563,1999.9294607448448,1047.005971275535,1619.7653678877102,11.879346393302617
0,2.9247548305293156,-0.6189585214330036,600004.8132878625,1902.2419700561936,1058.2423763242834,573.3310140981284,1.756286946461442
0,1.2168105117095478,-7.4598132458488156,910001.3632263172,1891.539470822635,1061.2446695519832,853.9160341036487,9.667745058181024
0,7.79618736932283,6.91218586761277,2299997.192584866,1910.2672895630874,4184.231520311539,549.7878309496044,9.927566532923718
0,-2.273938477146952,-3.512115473962563,600003.489084195,1898.4041558133604,1061.5954741701178,566.4507841383379,13.438262422545064
0,4.230361007410403,-0.7117046933194118,910000.5530656129,1904.8476907364695,1066.2955742466736,853.0687994474171,12.730559154462236
0,-0.2749174017039002,1.592061151574395,1599000.0066992338,1972.1067241549306,1399.5251734470367,1141.72157473675,11.21322135661931
0,-4.128028818836241,-6.528261080077586,4625007.364767861,1983.5293071942717,1693.339157350805,2729.0266143022586,12.783083328387772
0,-6.389687871598096,-7.07829169660339,324987.7456393573,1907.466986520144,388.51992553639695,872.7010473946837,10.786584518862616
0,2.8629395886105975,4.410334177627626,1598992.9115791493,1979.3644138437733,1401.9711882472102,1148.037125141556,16.064456976112
0,9.895456282052175,-0.6135934808484018,1964994.064647868,2007.6814848459044,1326.4025922701073,1475.353953008205,12.369277986568202
0,1.7999580678671911,-11.823721709102836,734998.1836967622,1926.0718500923842,796.5286811887596,917.9302342806959,23.84852962819565
0,1.4068083694505873,5.924220183040675,4624998.726959151,1985.8177679001774,1690.2866004273433,2732.3214615102784,32.342088426430045
0,2.4291306980127145,2.3618487763711995,748992.4633717611,2003.1641145470728,766.682846779284,980.074057755365,6.651592859638985
0,7.530008708534124,-2.56937412018242,499994.07420983847,2012.9423710042577,667.1781135355338,749.943200758687,35.259160494964235
0,2.0969125068192818,-5.5841510552912075,748995.6957916074,2002.2009214615227,762.6368123782825,982.5604675631539,31.881987451853202
0,-0.054636154168685724,6.179039481571686,904012.2871204604,1923.7589823291773,1502.6824566278087,596.1530071113069,7.367466517419425
0,7.531443550299445,3.746753112802148,904009.0087097387,1920.6431079624563,1506.6574620397046,596.2158164356018,4.375353224489227
0,4.143782192308068,12.913011413420367,559897.9412529116,1936.9347589978697,1195.76627953558,474.2352934801555,57.328874625832775
0,9.678779959979959,3.100942993624687,544998.1820835485,1933.4993222313785,1043.622138569285,519.2178926042835,44.32842587360024
0,2.916172186109531,2.938515706310074,364994.25398001407,1924.486689544797,701.1214865359079,529.2017704694915,75.68716927113668
0,-4.122345158602501,0.16536034945717437,364990.4593479339,1933.9914385046154,703.0047964234994,518.4318186964255,82.86097975971907
0,-5.840795996228325,5.083879336003955,934999.4155990679,1915.9569482014572,1103.6626615654882,849.4560260056575,7.053771517158042
0,8.254639661156247,4.125426006240769,819995.0107400838,2009.5189397421004,528.9527313545134,1549.9633836150913,23.158812075553172
0,8.618328603916485,7.258625042825975,834999.5757473417,2014.1198371418673,504.38742421045697,1661.7130662766835,6.862352923183898
0,0.10240393358699673,-1.606614593186424,934991.9989707548,1910.0099967820754,1098.2806953645218,838.5109275005011,11.275966758780083
0,-0.9159366056799387,-1.1770373647198116,1419996.1901277085,2005.4097793369708,765.392306776068,1855.432950656436,8.01111043029896
0,8.307221461211011,-1.3955158545599007,1550000.7431354765,2000.5065978200757,789.28023237639,1947.8659544730347,11.861627800301525
0,-3.5352284102174396,5.954008605894946,1635001.831047989,2003.5533979864963,963.5057917432601,1707.896468179469,14.178074639431223
0,-3.473635094779132,8.49187220148366,1550002.0873597937,1996.0097381236164,797.1671077051368,1949.0704089477422,10.430418034734581
0,4.216633973445222,-1.294202465746503,1779993.3975550793,2007.6756172593405,991.0249668783944,1803.3408139047765,22.883599235588104
0,0.02697438570205213,-0.12386863896545641,2800004.2734286506,2009.2501033671092,1314.2360571057122,2136.2473189640714,15.195746423167304
0,0.9743906663996436,2.570386119348996,411495.99894151697,1919.8629029367805,600.0632462411936,701.1002995605835,7.352426930550996
0,1.1827855073774372,0.7711924999354929,2175003.164289573,1990.924745547076,1560.4538694804492,1388.2490766327826,5.455011527431413
0,3.6878727439946677,6.76026826569945,1994999.9468066168,2000.9426593142573,1040.3081170956145,1905.9584555686288,12.092495372751923
0,9.037409306568584,-9.258886453095233,2234993.1180625046,2000.822625189964,1544.9191245791274,1440.4995798517705,13.329863895953173
0,4.452924534508727,-0.1335252345844733,8799998.419011477,1937.3699245114951,3377.7459018880863,2600.263085832007,11.958801353313566
0,5.219693966384289,-1.912081669807229,1850001.8268187104,1994.5969977658096,1038.6120837619815,1764.8559228288686,13.117627959258181
0,-8.250860505155114,-9.601780061930725,1995003.0648269025,1988.4966529860908,1042.501734679723,1908.8871950860062,30.358816898783424
0,0.7564079903494103,-3.8181922218440203,1694999.2950605128,1921.8729493611104,673.916981423553,2493.5939826995145,15.682613749104823
0,-3.2161513514643554,-3.5757805792296304,1495007.658894453,1959.3109432682143,1126.6752118376871,1327.002255292058,11.71507289609366
0,-4.09406530211814,0.9944767274058484,2200005.0375538548,2006.1421040614007,1044.258491607143,2105.6431175353414,-1.4911072986628628
0,-3.8907618346437536,6.564829458301318,384898.716729418,1958.8024830455627,542.4051433238183,712.9004916454671,9.742160802618931
0,-0.6706172035040603,-0.22530325595351175,515003.7506090607,1965.2010682966438,727.5386422581913,706.7212826878384,12.733335163082424
0,7.579512711780065,-3.1540686013557693,1950009.668967426,1953.308418985692,1603.0150342671334,1222.4553128293344,12.773982608626568
0,-6.63196358869782,0.7152272939323551,307009.8024230039,1911.2397378042594,328.13295531588057,937.1798906240089,18.383072758882626
0,2.153157462972087,7.245868107206747,1734993.860000596,1979.293022489281,1595.6057170131683,1092.6780980390229,14.775698466813353
0,0.5791528333321074,-1.8797940805745244,1849995.3673344443,2009.3652830004637,1354.1721555824106,1369.4259911573886,9.702202217507727
0,1.3616345281901958,-1.5528744196072433,1850007.4245939336,2002.3259433089072,1343.687576236876,1365.8019142228268,5.619702679447108
0,7.013789126523021,4.792744796371117,1994994.7085947457,1978.1373587499877,1400.988121271169,1420.8274367251925,10.90178508492994
0,4.69057718501963,0.8923194213459973,2899993.3872943334,1980.0902548431818,1591.297485054861,1820.8288976560164,19.4114551274987
0,8.686990537213719,5.237423453547372,2498997.5690293466,2001.3406125302863,1658.0866731457565,1509.5432977150906,18.058055727008654
0,1.2274716037504976,1.9317660410235162,1575002.1011335473,1923.7547001466098,1323.3909738797333,1181.1329273059516,38.321047444290045
0,-0.4797130583535152,6.508318240447835,1494999.4880164668,1992.0510600783978,1357.6578715105027,1101.2699781572348,3.4430585048944384
0,-0.11929408440249767,-4.175390570203204,528996.747181898,1983.6711591757096,660.0546305620026,820.164318716545,4.88332684989065
0,4.212483956356108,2.9395767460586626,2694996.6289376915,2017.873032750132,1993.7449143703845,1352.8920191500094,1.1965653301214816
0,3.882866792268555,1.9465499281842158,2694996.438314678,1997.3114270243143,1994.6304918072317,1358.9781740305891,4.884038494325733
0,-1.4219403611668326,-3.0794546205206537,3894995.6024518567,2002.018165893549,2272.3446325602895,1707.5494222942402,-8.806447023212725
1,1.4524489081393712,-6.817389739343442,550011.4081643864,1976.3602348824716,719.004275543345,752.5723042023886,28.315437590226775
1,3.141141650694526,5.428745176373309,849001.4875553559,1979.5329932980867,1030.1840274954848,824.7058450941632,24.88559915002515
1,15.587370187669602,0.24523808891010956,1750004.4337952721,1900.7070973667028,2950.865035698261,584.2176163962685,29.13554800074583
1,10.38422305640835,-4.111401408236648,798997.5546126594,1996.3731431256285,837.7184421644278,941.8011449355321,30.900116495243065
1,-3.2662167527941,1.0191053153833387,898999.070216614,1998.18413058394,1452.0984648857523,625.4342113132275,-1.9352757726844327
1,-0.4369168077458805,6.640094286746513,597996.4322300932,2014.5145373113708,534.0703604143675,1110.4511854712687,-2.4901988769552332
1,-6.317210009185016,-9.403689226859616,1087986.7414583254,1995.732808508157,1084.9242541711444,995.6025160204305,2.439729169085184
1,-1.9535350698174323,-6.483193449516632,797993.1099536158,1927.2990392840275,764.9330479382667,1032.839838774192,12.82458640636456
1,2.5780250179517026,-3.6144322094763375,797990.9469066001,1931.124608465627,766.3023240903943,1037.6834007014452,13.450457075876976
1,7.029268104441168,8.305894333601644,1494988.7510811102,1926.180232499865,2274.115704032136,655.1714160717689,3.160288613090686
1,0.3545808112819575,5.412934914596482,4299994.0232051285,2003.0951990573426,3321.4540001180503,1301.9956819084805,5.094503162658927
1,-2.2707322003389825,4.836586202306134,699006.6247783969,1996.6213179813913,759.0239579127528,929.7717416454585,8.383821570295805
1,-8.736445148693274,-3.700804595631153,334904.7778191615,2003.204953596975,1052.4042810247543,322.476364730343,10.213474698665921
1,0.18667039727546164,-4.097679376352631,849006.4528188116,1995.4341579513555,1125.5282613823638,753.7281515717194,6.189745845736739
1,-4.312072059297815,3.739068583613552,1365002.0549128845,1990.9365807430593,1604.7192190194232,850.9661488849241,5.889741169299337
1,-1.6471971368303686,1.2913716546772327,649003.9127941285,2011.6329835513884,676.1882783676715,958.6900882234331,9.89082351796223
1,-1.3843038908379413,5.743694094320633,1244995.4955150236,1904.081598215969,1506.0542245820543,832.2860517677831,23.431269181125028
1,0.5286872287372151,0.06164504535773929,649002.619754771,1980.3578693444224,847.8289978337056,758.439778728204,157.09702830123254
1,-6.788641956783156,3.390718632273135,1700003.6435711703,1990.0314557805436,1253.9519673848308,1364.176884969511,10.42098245014117
1,-5.335226226954953,2.790595424525546,1979997.116763539,2002.3080879433808,1473.8979267057798,1353.930712510594,5.292764080709077
1,12.646235560141491,5.888836945424627,3600002.797701853,2014.2365764303688,1658.4584323282934,2180.0543230104404,-6.50889868706755
1,-4.437112906370155,7.0350414097223535,4995002.830938793,2002.011569184408,2238.891604533599,2239.11893470519,-1.0322287920526974
1,-3.483927892273198,-6.099359971958849,1297997.2522368943,2004.6864929582237,1154.6679193067027,1122.0015495415485,5.1237836687538625
1,11.18456764160657,-9.236342776704278,2148994.3861578386,2017.6147309703329,1317.0694910466625,1617.6924081494967,-2.0913419518190466
1,17.525335846202033,7.008726988257536,1994994.0793583405,2011.6367738082122,1362.0563884830933,1466.5112910924272,0.13165154570790527
1,-3.857833144126708,7.9386254663096825,1650000.4325277095,1937.4880199624772,1639.5096321573374,1005.4332300108009,12.817479071532368
1,-0.8412447839401527,-4.103115097566687,949001.6350493439,2005.297348922494,820.7536854019493,1151.7468594347151,6.46898960514226
1,2.7077777547025477,-8.299177032728142,187514.0373708477,1997.3536384665006,662.5721899838446,283.53266256448916,17.52247512602784
1,11.643488222027962,2.9951741050360043,1995000.1329267067,2008.3663765729284,2354.463397230145,846.6261553921763,25.144826955635995
1,-1.934285392141187,7.154191131752647,1995002.8526851807,2008.187616161698,2350.1582217022606,841.2989657167442,21.285776735450817
1,0.7736107702894512,10.987972612171573,2799003.090953573,2007.5456453518702,1328.4299674037381,2107.292986645873,37.39845265298765
1,5.88668788030872,5.081487860507255,1050007.7594006006,1999.845837429579,1636.0297822915056,640.3377774204041,3.602247569230189
1,4.173830372333093,0.14141651707152514,895006.384904161,2004.9281244514743,1107.5017082707782,804.574669557905,8.10441410501237
1,-0.8807803561504963,-3.4656531079243136,997994.9935428362,1998.7901063217998,873.1714918018845,1144.8095968364253,0.2582723106749074
1,1.3308851774197943,2.057256458353272,1659008.4179310477,1997.4174462891958,1165.7546076340325,1429.1968452245928,4.206030333908099
1,-5.874479041849909,-0.49632351942628183,787997.3451174772,2008.5731202699342,905.8964098566047,867.5698272348293,3.692421601976813
1,0.8091312801266739,-3.075339528644081,1395005.2243640623,1994.1583285122445,1344.929318832088,1046.8785022808243,7.5207407081989235
1,0.6680625499552244,12.243778254316434,1299000.3399331302,2003.0522224423037,1454.3864476560543,900.4496484930912,-0.12589597222087878
1,3.16084944813128,11.425842010360656,849997.9392531078,1995.9012303561458,1138.4254088353207,739.326942515314,10.08488524118928
1,0.22336390590491995,8.180243417777142,2849990.961515701,2013.5567521469904,2069.6121933556633,1373.8982334039003,7.331643860852083
1,4.357692612725695,-2.604251989045638,949999.142177449,1998.0568340946659,1251.565462797318,752.0731074901348,-0.5846253681647315
1,7.063579089099143,6.275096621486394,1599992.2030838234,2009.3869683248734,1180.9141472338667,1362.1464480776344,13.0413141274025
1,3.77714663834233,5.198132047489509,1275004.8364961792,2003.5329157709514,1497.3826011003334,844.4759624839279,24.170465403988658
1,2.7587820419960174,3.7127281210202647,775007.5839632857,2002.440984171114,829.7802796426568,927.1522464214978,19.00916984774704
1,3.265776737889337,8.248326335218886,1398996.0154450536,1895.3561400580686,1808.8045053939172,782.2062780721345,48.134923836132344
1,2.000421965457071,5.176855714306387,879001.5098537126,1908.1267407186897,949.549037933113,918.677848194114,53.426856908012944
1,-2.607790167714237,4.700071181521677,698996.37304239,1904.1150181431124,927.4874674677835,744.1519499876059,50.69247540130745
1,2.5824713083665403,4.18453141686105,984996.8575763493,1979.5690951005356,882.4751339064345,1107.4903271491826,1.7793977441623756
1,0.5135670079325527,2.7039570400105295,725003.8724735193,1975.5412629013492,1069.1468785882505,690.6370914331405,61.275410219338795
1,12.465841544652974,-6.918055648570917,848999.8073086907,1915.4642790816147,1095.970031955841,769.6883014723936,63.0401059613501
1,8.866774512376212,1.4181053870527862,618008.6982402096,1969.127449692433,698.0316375781691,876.8718046982616,67.42711860836324
1,3.929232762782504,-0.7809597942456259,5949997.588837607,1985.9052672370433,3704.712968104499,1605.9860852944687,82.68626658015663
1,0.1847139515261622,-2.3992047882001026,1800004.9966816623,1944.7181455322595,2477.4614845596902,722.2778856079846,13.077926439306442
1,-3.5620573599170893,10.90908309650412,2350000.4870670647,2005.1718062582247,1310.8974068967566,1786.824246766928,11.736212266189264
1,6.955714765444325,9.644976704428517,740203.9788900487,1925.495957777739,981.0891649193654,760.2912180286828,38.755611898598076
1,2.3137461257356926,7.79610300147806,698997.7642117133,1985.1439814680516,776.2768832178072,902.9603546048713,58.54935341560157
1,4.400717016958055,3.276067084279373,957999.7522058123,2013.5497197700604,914.7264778157537,1042.7353109110386,48.62355809889313
1,-6.7229299348709635,8.753125604763284,1199999.4225056034,1920.3382210194964,1307.828360449419,925.2378705153084,60.348805935824785
1,7.637192407790904,3.0602659030091277,1574995.8197144258,1987.8464148403384,2227.8170901256517,700.8423861366681,59.57634619225503
1,4.272101691071814,3.0139863844888968,1199003.310407673,1964.3520956366365,1099.5774005924427,1081.118161805769,70.72896879924977
1,-4.55215342207239,-4.467356852309915,529003.2512450279,1960.118998416783,794.3757232994745,674.0975545883232,74.48663753601434
1,-1.357624037249745,2.9849565224942003,699002.9677734745,1980.1119703612587,868.0936632993904,799.8004642332178,76.70640883492511
1,4.318586021782598,2.3019296421220856,1295007.6848282695,1922.8495874487216,1680.1689308396944,778.2302612552395,81.54579801106938
1,4.262333991781218,-2.513260584172322,1800007.2467240063,1942.7142256293087,2341.0877471389676,764.6506737539021,81.24203233296022
1,-0.46085592901777495,0.7440144409170155,794998.1252765508,1994.740563635508,991.6599774672846,802.1661213299901,12.568298533706493
1,1.4825586596701958,1.6013521807159576,779001.8652615922,2006.2785781073987,809.2334157480537,967.7488277682907,2.7365344268259006
1,-0.25988689103442697,10.4878058332232,378547.8819965537,1993.9164079080679,1005.4229319573192,380.95748018674055,10.297708827857692
1,4.762812560512343,6.771066642567047,1398000.1167765805,1908.210634795688,2494.7546219044675,559.0318126435147,14.291230934986135
1,9.357459864965785,1.35722719545733,1096997.0012527544,1899.4112323129125,1481.11354754135,726.9046408994092,16.425612794347906
1,-11.833292204656487,2.243936549005415,670008.1003515457,2028.0478448504819,503.07610376422,1321.56937597071,21.684783380300953
1,0.8157486774515788,2.2210618905209905,1199001.8184907518,2011.743077745178,943.6910256467664,1276.3950481961806,15.780950107376384
1,2.8825621068622347,0.9854300760222614,1094998.9098543595,2010.3600882095852,1134.025100569401,959.0120585548292,23.25066293852142
1,2.479969948435498,-3.4121359869414345,795005.9680928593,2007.5232940776698,618.3880536487839,1294.19379690838,35.361743399808844
1,1.1404270933935508,1.2447406119653537,978989.146922951,1908.5304587906382,1443.9468327783486,681.6577084756684,33.929172887594575
1,-5.783608912392912,-0.730491283262567,1488877.9294870256,1982.5975034040146,2103.0422586821483,712.7507413161617,43.74688420478909
1,4.639977418570548,-4.251577694615732,1389003.979193276,1909.4845793536806,1544.9286252872278,902.359877498595,54.77633532906066
1,11.636751070820925,4.556109072737673,1389000.3023422407,1901.265987256102,1536.7683149443976,894.5276737903732,47.9741781966152
1,-3.6693070245806885,3.956323299666175,1099001.2522315013,1963.0533343886232,1264.722593755726,858.9152029991752,73.83064840502053
1,7.319140068490942,-5.43353755684039,1798993.3680194835,1894.3928447699138,2451.0818407406946,732.3324023715857,73.14814695169447
1,1.3573738843855305,1.386576812524364,1249999.8838314458,1931.3117763173668,1444.5477637372476,866.445636587635,84.7100172871051
1,2.6933782708557636,6.978506929499618,998010.017547052,1911.0459736592659,1467.156373650608,679.2899804823702,80.7627028576024
1,-2.2644925535197453,7.7961186944816045,1300004.120998099,1975.4771951924388,1646.5419664863366,788.5297833807118,12.221508551168453
1,-0.6722808617793832,6.129184214426194,539000.8485327257,1987.8181216837634,709.6343348814792,750.8932482903768,0.6171758790840158
1,7.500222973494792,1.194566034507299,734997.8047304495,1978.082920106705,763.681100668438,952.7632377727547,10.312851229469127
1,5.913276209938536,-2.225226639845755,687998.0271357406,1945.4388056579994,1434.609558186441,481.12856820712653,34.53724351348658
1,10.66155802704972,-4.418494136790303,858989.354010554,1896.0644184586158,1109.4309457927804,784.8494799063739,38.53908836456521
1,8.887059444888468,3.7230245237517874,699001.2882021046,1969.5458490574606,1247.267311034858,563.8386269338973,49.65259764293798
1,4.195433394647881,2.8964001718258148,750004.2274155424,1916.0399349887928,970.079283884355,767.883541807717,56.05955238733745
1,11.71967263083896,8.436655558025327,548992.1219033642,1916.5077615340645,1978.1762369415515,276.77835572410237,48.54768919653145
1,8.194965793691495,8.499898251710418,1599996.6929155386,1931.0775760824147,2567.0667779577184,622.181179479389,53.97571409515863
1,6.139940883985295,1.3388567173441395,874994.2126768389,1900.7083221720889,1705.5247024447885,512.8621781770394,40.25282306980722
1,2.5171452323264583,-3.221029394304347,899995.1732440259,2002.9604774231339,1871.384793376097,494.173703772075,53.8053539975758
1,3.332729079296024,0.40446701494551096,748000.2674081341,1931.3692119915422,1524.2927956810609,493.7795601564972,52.43478857036897
1,-1.4871191165013844,2.586155974052623,748989.577989225,1947.4961770757664,1349.8150462385727,553.6809977932428,51.90751198794808
1,6.947919672974265,-0.01041622694702049,599003.0713521917,1932.739190722994,710.487441559605,849.3274838708314,66.40725234814266
1,-2.8915181155743284,-1.8894705403882792,648803.7692753497,1938.3715094496313,1336.3871522427805,484.9456554107184,64.36878159188086
1,5.911751712088307,3.2644240748494946,648998.7444870598,1922.3634728487248,1324.855031679796,499.52253359294616,71.11261256453206
1,1.0467447124742026,-1.5197887070530522,798875.5964574501,1928.2596379772613,1017.0983034107724,775.6946545209643,72.11403562605464
1,10.856235467336596,-1.1403304186268697,898995.01790687,1969.1826428728746,1942.2333075763945,465.5054271631123,71.41592064117462
1,6.7543449436562994,3.0572641715171978,699006.1645096705,1907.7849392337926,1630.707403840516,435.32988814871567,88.3400677996152
1,12.103230788234008,-0.00996290064602423,748986.1100285964,1906.8014685882652,1519.0135040326807,496.923842721025,99.80546743060108
1,6.653873455693224,3.2205219448917606,534998.262382939,1969.2122730248486,1821.8669750847046,293.4723499590982,91.45024676560014
1,-5.860201278266203,2.366020114260613,698994.0999961076,1911.4778661857167,905.8247222259406,777.05401042428,104.16842325192147
1,1.665234135508996,-4.697145005457873,699004.0228515079,1910.95175535816,904.638711997756,776.7177945155645,106.00139971855118
1,-3.860035962974079,-1.4062056193270607,499996.62443023926,1958.4617701912723,1178.8625871848487,426.1165075553625,144.71810933645781
1,0.40860078816862666,9.688884699582312,879002.0197701036,1971.395420370524,2107.2499913187576,413.7525828511515,142.84301882748184
1,10.556142166383609,-3.310397563671436,879002.8273020958,1983.3851756361323,2108.462997117998,423.39795186825467,136.21414736473452
1,7.18766905448848,-8.083272244852655,699909.1811291986,1981.9971845143853,1750.4694047577002,398.4573168365742,146.52256848557775
1,-1.4946521428937318,-8.309225766212558,687998.9852902816,1950.1984676329878,1142.548889249806,597.0710186530862,139.2974208974944
1,-2.0685868322019942,2.145549732883346,1195001.8802218481,1911.8036715379724,1391.549896251182,853.4185120156925,38.04549901867003
1,3.163910464381304,2.1545863901634945,1194992.5747226044,1897.2359223497588,1382.1866224716314,861.5018534034862,26.20561377038492
1,-5.082800746905638,0.41194572287439535,697005.9520678165,1912.130830650705,691.8265026313843,1007.3780331658224,55.36628915894579
1,1.6442986130170945,9.570949144642508,3994996.1974557596,1906.3690192266176,3351.8467902984994,1195.8016458911613,56.96933177264507
1,2.5600473577562193,-12.36417216551469,649997.1962291795,1954.9644157243574,597.5338907724705,1081.712394005451,68.85747879529364
1,6.776560180533481,2.979669372154118,649999.8887610257,1955.8508847159596,609.6769059176455,1085.8668123508646,72.91428193461843
1,4.043807361122199,8.807191009017867,774992.1855782733,1952.6893646241379,600.0668790635793,1288.7821943752467,75.38672089860107
1,-10.4564475429905,-4.63890382445857,825001.1438501447,1958.3217683711996,606.4551452759207,1373.701929843271,71.52625784737144
1,3.521833645151299,-0.8990325589494756,699004.8373313646,1911.6631942149556,916.3071020636498,768.8490224369588,91.76976752997662
1,3.3601678661628895,-1.7644595861431047,1495001.4646691175,1929.4199114697576,1524.1320365494662,988.3713883945953,102.08503058167966
1,6.069451426863465,0.028269769612355944,5199992.055512179,1950.695857707977,4814.396207769668,1075.090450770246,241.1018619696568
1,10.081048408256036,0.36868997488480004,988999.3809535283,1973.461553061928,994.8439231595178,996.7223677354572,48.211110310182995
1,-7.316191384023714,8.137426418422523,1095003.710144515,1898.8461810401857,1465.279696750662,747.543510764067,67.69538472646032
1,-1.9555171259555282,10.186933377437601,724990.6100561701,1906.108643331088,813.4806035404439,902.6306618733475,67.79308843817024
1,3.954531613966773,-0.6796961252007385,724994.6261699309,1903.2227920599198,812.8316646682503,884.422174177655,70.75770397882633
1,-3.907971997269712,13.525301070322351,2650004.3827180206,1895.6017878631624,3814.5585727093635,695.3916646978525,77.7512687151685
1,9.379745240267544,2.1778823849231244,1680001.350477171,1965.3689719683389,1852.0249115946233,901.1197833421343,99.30899576365805
1,2.841783063503292,9.768455133505405,1199002.0598579107,1910.3026485398073,1150.1719312309883,1049.8283450323722,95.6971021089909
1,7.23291992921702,2.033506751732541,799009.2974740381,1954.7940812389954,1398.6480152895228,569.1778579096788,39.87994974907921
1,0.1452816923910274,2.6552891302307216,795002.3427638925,1949.6194503788602,1352.0973244642662,586.8974582828156,51.442560974301415
1,6.068818449831053,2.827372363214173,699003.2894400521,1942.8677270772794,1001.2888947543472,700.3310203017039,43.57979238383922
1,8.342357779945193,17.894268396837674,848013.5537276361,1943.7363602557173,1505.7012664047213,565.0360353018818,44.42321755655851
1,4.164390100685842,6.256427874223945,898998.9309772096,1948.2870503571908,1665.0585820885967,537.3237221668471,55.52007537160827
1,4.172004463493479,-1.536322649757318,898996.0105861819,1942.4133619897436,1653.083056485213,532.6877130757292,46.95517011205874
1,7.3517161964086295,8.84498935137929,1198002.1389819912,1939.0730814251335,1967.5835140932422,613.8993480626139,76.78049181790622
1,-1.3167263236969085,1.1908373145782924,1100002.1949551469,1927.893308169076,2621.9026287068846,421.7643608357444,88.46915366653833
1,5.2623565987982355,1.0512490854939545,948997.3664230403,1918.439814481655,2480.349686154706,388.2158715501133,100.2380698860978
1,4.237387337738206,9.543006799460557,2989994.838014902,2015.0979246358997,5000.847369355966,590.2963275186796,107.129127188894
1,5.916969321767476,3.155427938855764,1338811.5492221105,1938.7064704915713,2334.99837009936,576.4945907629208,119.69111712737151
1,7.999121234551473,3.89287957255903,1388001.634217352,1935.3913946785804,1900.4894443090948,732.3798942790346,165.43727310074232
1,-2.2926804098920464,2.0699261093264623,988996.338573093,1935.4965390814366,1595.2374626334997,611.8439896578021,231.3157536935207
1,2.374954848402112,2.6829156330271733,1295004.5796515115,1887.063396186181,1773.303771920706,731.0458662409106,64.19139498479376
1,13.407277738294866,8.124829487180746,6894999.454274242,1902.0549275676376,7799.8319828002195,883.4186667734482,63.65002451560889
1,-1.717941144062821,-7.684834663527077,1724998.7355927683,1926.3947701385046,1412.542295869214,1228.2107532928412,91.67637365826594
1,-1.1112500864516015,6.332863343047668,1995002.8113643597,1914.5131341495273,1915.423306403664,1051.6224801850628,91.86945590454933
1,1.011530959155968,-3.9100970991515034,498993.5405886588,1893.4485162511728,523.8371794601613,969.678218033349,82.9687159085231
1,4.2219259524266,-6.211495677797056,499001.7631360196,1889.8113574613265,514.1726277368452,990.4696350286399,89.4342303054586
1,1.0571302778032967,0.7079437807065878,599009.5647740386,1900.1634761262665,629.2474930293166,955.4238713942334,91.82757731008381
1,7.644802952184946,1.4199050165722713,599002.330888311,1894.4084709139672,628.2196844577668,964.9033664716371,94.89414858560515
1,7.283969912832634,-1.467530822861404,1199998.118939481,1927.0772494499104,1291.397310719261,939.8524899043186,125.55050747469886
1,7.2091003344503095,6.155159288339872,1394997.464473598,1912.3068909494586,1876.0496416354963,738.0215488657909,58.41953000587737
1,5.770582506620467,-3.710875831854535,1784997.9483001332,1921.7922863960857,1959.7261934616236,908.4663389691955,60.92623765679428
1,14.638265501730425,-0.03471874386279472,1098998.7301866098,1906.156410113717,1456.05706933497,753.4623312786697,67.32068401189076
1,3.974191555669779,2.5756293253349964,3494998.110967336,1919.5033104612414,4314.058678549983,813.771650023162,69.6307415590972
1,-7.017611460332569,1.767063648303303,2395004.5815572054,1932.3605715754823,2318.1509980244246,1032.153361511903,71.69367804479373
1,12.021271807585705,3.894321423236194,2548991.3339544837,1909.37564033674,2745.1181702475533,933.9816974268513,75.09495593320054
1,0.7115028452158718,-3.039464748117723,995004.3100002521,1996.540331519127,1389.5411512849885,714.3769977157303,74.82660374990705
1,5.539402221715165,7.121413387281141,6494998.101567375,1905.1567412329978,4616.510146259216,1408.1606296528685,79.57213547778265
1,10.547753424302634,3.3150118416734986,1698001.8847389284,1895.2187169886024,1792.7472850770328,954.4803211652859,100.01258332535285
1,-3.011297705294627,-7.459731266559553,6297994.365060449,1915.9668843512704,3588.2577031032197,1759.901979824293,26.28102826544576
1,-3.258236070530697,-6.792957201985155,1139006.6431553343,2001.0151897112444,1535.108006565605,746.6590669716045,42.59315004047149
1,-5.006389685594268,1.938403535353444,1080006.2281748008,1917.278090305857,1953.8137537372393,549.6770666387071,47.76588102244207
1,0.029318549872880517,-0.10483658893177039,1050004.7979526287,1926.5769468878188,1767.9877814126376,588.7736860930077,57.43995685402294
1,3.1981830300849676,0.4828994321268325,739892.426226121,1948.062565349805,869.0740770973384,843.1613892837365,64.60521406475684
1,6.6209392140638545,3.86008771734891,1595004.1456053553,1930.120494199205,2739.0677901062472,576.895893071597,72.85978893024395
1,3.3813708966427685,2.1277991975509036,699002.0242754382,1908.449427379592,1200.750405651725,586.9309963432646,12.259151045816626
1,-5.0638294194618325,5.7382480492414984,798991.9736437644,1938.786164217181,1151.6199512813607,699.8799202514703,39.820572027508945
1,-7.550517183163221,-3.0555245045877912,994999.8785130811,1913.954838719863,2186.0463228421268,455.224348552338,70.4377651974332
1,2.2717679269519113,-4.8598579645039734,829001.8226724452,1928.3926197570001,1152.8566790804118,731.1545950941218,74.9106411954737
1,-0.3588801681916789,-4.466619289436912,875002.7803763691,1906.1461091526896,1165.8499924249948,762.8423469688256,76.65868120065576
1,7.296928858583058,4.444583335843534,950000.8863068348,1940.1778493531995,1841.0098820335306,516.2169945820027,95.83816380311615
1,5.50976813110635,7.224736893232228,749001.4561570842,1940.3596718325973,1448.238674825251,512.8905411422847,111.28317190540764
1,2.6912071602934096,-1.1566971911975523,749007.3680569612,1933.190967282372,1452.4016714794068,524.8768832471777,110.88795558461796
1,9.800665426879268,-6.008499220798273,9500006.13016955,1933.9190363000466,5432.659523388711,1752.694913244858,5.69652276471437
1,5.146056870575342,-5.519964313051878,3594985.664725231,1925.0281725963778,3024.4004960185694,1192.6308259821549,4.414755267696196
1,4.650323528007333,-2.6651836139800578,1424998.4128072257,1919.677636269369,1365.5969858099918,1046.301974871967,14.324715437753714
1,-2.523366314349412,-1.7886444374760737,864999.1767448622,1983.8580234427925,958.0610602222536,896.551048368514,19.101614148880646
1,1.1019429308427073,0.4580568637263678,2494991.2395071364,1943.6491439450776,1804.5840018442243,1371.6568028484235,52.1283547665183
1,2.9838804832847865,2.192905614904585,2000000.4709152912,1934.0445727104138,1521.944539416916,1321.1643416177865,45.97140916693604
1,8.102642377087093,1.9412683458877644,9895006.243788863,2015.1266447173516,6018.496693678828,1639.082994730517,60.27421566378551
1,1.0312941388771395,7.246698052717036,357994.567160702,1980.8695775568674,1323.8078182450986,285.2976561449841,-8.519088400366702
1,5.605836278660563,-0.880086528406844,899001.6820046934,2018.624273357781,1390.4261102549904,640.5696320869376,1.892690162111129
1,1.6708060404231049,-1.8115897973777155,928995.4208826135,2022.1105317496178,1398.964560445614,661.7130876250932,2.3779255351447848
1,3.412289163359348,6.394377692602308,849996.6404398816,1925.7159500963066,2468.2265134852014,346.5506935780672,2.9020774591627845
1,6.147595210120365,-6.6782103496305965,648007.3869681709,1921.5072371532503,1112.803751807137,583.6465673948364,11.828060751163259
1,-7.965301855270779,2.948458526600011,479997.28721089946,1904.9605347459767,682.5222232383123,706.3229482847161,12.720272839773658
1,-5.482361640373805,1.5127659186313342,499002.31106244505,1901.3336808398833,1072.5048907344803,466.86121210093637,7.703930612111943
1,-3.410926987214104,1.262787550409163,688990.6439094197,1945.6822013528265,1473.2131551221887,458.78226291270647,22.07753984650878
1,-9.668080599241524,9.941380535746312,669009.311587807,1986.9981750895577,1316.5664764957894,504.61244227154117,18.358379346054864
1,-1.3913222007758836,-1.6110372264735897,729003.0132622315,1934.1939853890556,1010.6314800209111,714.6319213543121,29.428444795952576
1,5.747169498638702,12.301490852620391,766999.0875007868,1918.714291122388,1383.9517029089236,546.5247707502606,24.590743761356674
1,1.5755796680871264,-0.1271572461404964,660002.87773255,1905.1225633771335,1512.3356756082364,434.58490117011945,35.1500326926547
1,2.9889504097092607,-5.385082224851141,994992.9509028553,1904.084100691424,597.4149288752282,1646.785861891948,34.58418335556747
1,7.446087483553963,1.3495979049741265,759905.9126537087,1935.3153870929477,1178.420189565587,640.3890201695627,44.51550942475165
1,12.638430661338457,-1.8812260015938405,994998.3800761225,1990.21988478725,3076.9295761232784,320.3140310299329,55.62348638825674
1,1.6543103263693022,-2.7587792390675014,724998.9796524248,1943.6679323296241,1031.95596645365,692.8435708202446,58.72417912489273
1,10.767929447846987,4.985166500077455,3419997.541721925,1923.092030328592,5116.342776716284,670.9820425110354,90.31863842977877
1,3.460633292170546,4.777910443250624,1649997.0967429862,1914.2449029382597,2030.6154731522076,816.5279009595124,98.61396018269484
1,-1.1869911191373106,0.3891614987287091,2250003.473353058,1930.2650937815608,3257.775023961785,695.4689937296773,124.08056530453891
1,0.02799823900632381,5.937025725232004,1319001.2795342505,1922.7501480906767,1742.1957720076523,756.7619186635634,140.95860058035205
1,-2.402682562825081,9.28753879010567,1698003.258740707,1960.6213202067738,2772.529848733494,618.7040639468069,172.9587602640044
1,-1.4406692686682616,9.181508782816454,1048999.9560265525,1944.2271379717977,1617.7005605929016,644.9904079999548,182.12605965289734
1,0.20991655962785427,4.647067035628611,599002.5659990554,1995.356522694648,863.5439963842408,696.5173345040834,179.60389540394158
1,9.01792509689301,10.317143560428494,2994997.9057562803,1950.0146847187762,3885.562680876289,772.557568509596,176.17493637610244
1,11.60384915582992,-7.403992139870288,995011.148659207,1955.3498696925076,1299.2008035711651,762.7082834869551,214.60951853506046
1,-5.9109075768852,-0.5895327431423127,349992.1603479179,1911.0955250923244,597.7904499146016,581.0140284504147,44.12929918158276
1,3.964137341299595,-3.3350262816171314,550006.3046866178,1902.1954402180663,799.0835122178637,686.3377873283011,44.62442359412292
1,-1.202719695787672,4.5961293056369605,3760006.8395372536,1900.1618505036352,3081.778958748068,1214.9122080083503,58.39189565996565
1,5.37348544231601,-0.8572460959836867,1049995.7392059702,1922.7366116524324,1268.9435163910757,831.1080841495492,48.6554532999829
1,1.3445667465613669,1.1692107902513382,1895011.1463680528,1904.6508174575063,1753.7696531077058,1078.5299241295743,53.632606692048
1,-8.154529129237652,10.410874401020248,599004.9774514147,1963.177291679787,684.9009543583591,877.6841312468162,58.13061973409713
1,8.641484957842422,2.1514010178981087,1895004.8556950341,1997.0978327267778,2042.4058658282174,924.6887759033771,60.882885203995926
1,-0.025003564043655224,4.06896158595107,1799000.140110935,1928.5491035388807,1796.5122139670184,992.9480063610861,63.49690927005673
1,-0.6695011918677731,-0.16134664962117595,599998.9138692089,1910.7592938576565,1345.6703005808386,448.894206706186,84.25371411827878
1,-3.3487620564484493,1.3785664397841684,1494998.9529558648,1893.4142005965148,1691.7625185047627,879.3930883476589,95.44582720473493
1,-0.2714163834377774,2.0300834021803573,1595001.9526529815,1966.9515285175505,1516.4536658893342,1048.6859999021337,97.63148793641099
1,5.139452203474586,4.241620329865798,849007.0059313752,1931.7618371732362,1620.2270622637432,527.04273874801,97.36696659438111
1,3.053778295317972,9.326537677735885,1995000.9065710893,1988.9197548722193,3300.1390223596823,599.1977559510282,104.02160579164706
1,4.643310011412405,10.236969988016646,1494995.4427818842,1942.1267401712887,1632.321425636153,906.9674968649389,106.76454139616773
1,4.809609269644218,5.048100409545834,2195004.122135312,1920.4135663737377,2163.494829853725,1017.1061114460956,127.91893272646475
1,10.603308277640835,4.947734430178011,1798004.605753732,1943.6690700876522,2057.878387960853,874.3145150521694,134.00545918707147
1,0.28606924567810355,-3.7543225459278347,849003.2732976422,1972.5313146914166,1546.4861069405335,543.955504548956,134.48060355209563
1,-4.384289084228659,1.560616287921897,1159003.7274945327,1982.134528731603,1723.7932460013296,670.2059001017459,141.6988568471844
1,8.336112082859916,7.201447324417945,994998.6453593492,1966.3924773472568,1964.5498482155285,513.7129461139506,153.70878668943732
1,2.3425591395137264,7.329843192085766,1387995.3550541643,1973.64495550481,2281.78381578732,610.1001864543316,160.52830024908653
1,10.572962222886884,4.558048663975251,2249995.659032847,1961.7244895047886,3725.2750853063717,597.0044143692738,175.99490950351174
1,4.916885565912352,6.431969797839762,1079991.8226837576,1983.0380233477879,1520.8395708859555,711.7193850205609,189.1246894480705
1,2.3443123489832756,4.953833544969094,1095001.1847430577,1965.0844246384866,1871.0811769827665,583.5750513786913,183.43476459154343
1,3.7438794702314757,7.001531291296608,598999.5827560839,1966.9138782944917,978.3645010152735,614.4396198576474,194.2592743026376
1,11.755062800631498,2.4467957847855555,914997.8000614773,1958.3311260042926,1241.6940315774723,730.9944013900106,16.42154039243264
1,12.384902645268765,-0.7784915778551733,914985.2219058783,1957.6621390488142,1249.5963329957465,719.8248225105067,17.761861004281037
1,3.3469056756638933,3.679206284665118,724993.7634126515,1966.4041943306197,1481.7494528306456,493.7868248607784,37.54830932818938
1,3.8009529665853767,-12.152971879263879,1588005.604203257,2012.9820394074034,1998.8213495591663,803.7229889613011,51.355606142816235
1,7.381200787331927,2.9144286819252474,794996.6768699997,1936.6840716882787,1256.5046839586757,640.879601442727,65.46715994091848
1,-2.228305163836736,-17.242064126073917,795001.8029583882,1947.4675498422969,1261.66894636282,642.1547714437828,62.798288067329935
1,5.665351863091276,-6.617317037027091,847993.0465728501,1942.249504409368,1656.5344236663907,509.9011990730927,58.02408126738896
1,0.870685760230718,3.2588430047049206,439007.1935274118,2010.021145523425,664.1157576342584,662.5607619798839,69.88776471978261
1,4.569541057287768,4.3876466863339765,849899.2798616997,1957.8335263024153,1309.915816381333,645.3900273013164,118.64704768447935
1,-2.166844029747029,-4.8121439006996525,599001.4502019824,1935.1903279680996,1263.1102761067143,479.1214469970846,121.20968665214413
1,-4.947837466544845,-1.0605102093946939,1539525.6288989594,2010.6136290799536,2016.389003624043,754.6352378563014,130.47082408923941
1,-7.364917179956459,9.352704943070659,1339007.582200503,2010.9919057961577,2138.137905352769,624.7777211755864,143.32766290415026
1,-2.5869205649480396,0.07984934213661932,1293998.4671718935,2008.6269079899225,2127.9084223381938,603.6187665131819,143.57565683753904
1,0.7066235753033347,13.714601562014925,1610997.0338990756,2015.474134298652,2001.5123618355158,809.4927764007131,157.72207934270136
1,0.5340420667561909,1.9904007341182692,1494998.3722749425,1906.8604222465408,1172.7869047629986,1277.0035956083482,35.683011415063504
1,10.686155812147584,3.0401808844063343,699002.5494912424,1897.098168956309,745.2099419964939,933.3840986466541,42.141971841671925
1,7.529966849536491,10.584371992493038,3494999.473879329,1898.1016176457592,1963.0844903617087,1769.247892909723,76.03997014774407
1,-0.810455581708136,2.655135580967098,698998.023779275,1939.9857190179107,1551.3820718212687,449.4418028302514,10.423325025963319
1,3.738542262254785,-4.011719903454006,699007.3359062535,1945.2391956596623,1054.9776966408135,662.2694175852864,69.32156093123591
1,0.9646088182483745,2.4513627415285493,887999.4289505411,1970.4544855569832,1554.3513189840576,575.3483787834724,74.10779559979282
1,-0.42181919020047554,0.8219463190495453,599011.4979454651,1940.643919639871,631.3505657936661,954.8909242640859,98.0722372663308
1,3.92662824707691,-3.823708261007827,758000.4537128188,1999.0048155079508,2159.855870331455,356.28192793015444,91.87628739083368
1,5.095855584876967,0.7208396432958832,1698008.9265919712,2008.2820578358478,1615.1419061349352,1044.223902902915,2.9041462641883653
1,0.3037075805799232,-1.7109604699871834,1698001.7865971136,2009.2268550449767,1623.6984625420646,1034.3023343885527,3.6254798698629878
1,6.3192576636717925,5.62178878593717,849004.8148028662,2003.1180085182884,890.0967154852988,949.1651905093497,11.385682376658211
1,-3.70969113071202,2.173059370926278,1674996.3769447424,2008.7301843318153,1575.018131493752,1079.108134890411,5.962537058363033
1,2.031695311811342,0.5860212542621497,1694995.7312038871,2008.0765131497076,1608.119479047202,1050.9937253034009,-6.025279895019619
1,15.988368632979162,1.4690903468871186,2219002.298529775,2006.877355435435,1918.7095909916593,1151.2463769086744,20.017351923837523
1,2.1153987131263756,2.1156100920308307,788004.9427662123,2008.5403142175899,906.8448293578688,881.2133014671812,2.2955171027749137
1,9.166072533030864,5.084070998448899,1950000.20128251,1988.9865170704948,1934.0955208445607,1016.3257997274417,4.535775364196617
1,0.4576008908660409,-3.9985611433469064,538993.5680333246,1998.568169320674,706.3245642331165,760.122243609599,-1.3962698608763322
1,4.903885476648984,-3.207938163106359,848993.1987081686,1979.0697418001223,1027.9841866153497,822.5329845446802,26.63101009061948
1,1.7160840280365424,8.02339607701265,2494992.864317989,1940.8216032969096,1811.7056541910902,1378.3394939359343,44.74312854966224
1,3.147962094178978,1.9383156389763472,3759991.1618894353,1890.7975496407228,3080.862078796327,1220.1358139919373,49.50084818996737
1,-0.897411983627098,-5.0842104629843705,1799000.5474267972,1924.6455318646454,1797.947330059925,1007.000236406598,64.57950497319608
1,7.151506794787766,4.719063546915523,1800005.6252196084,1888.8193495411101,3073.447963836842,588.1123371211861,85.62506400867926
1,-2.2576859459288396,3.3168490301634344,694999.9329210654,1919.3280612130434,1049.9796934241112,668.6301451651957,115.91130150072794
1,6.327926181567146,-5.653576286283532,1649988.6979262133,1924.4254693424855,1479.9770069191022,1118.8463505453508,106.2325658510737
1,6.426435022229549,2.1474085773180316,648999.0461976983,1984.191941874187,840.7880776898467,758.1516199948779,163.31988855684426
1,4.832657036186149,5.677915462141868,994999.1860050168,1955.5569302737342,1295.417012662409,765.7743094623702,214.1327851682524
